embarcacao,saida_dia,saida_hora,chegada_dia,chegada_hora,destino,classificacao_destino,preco_passagem_rs
N/M IRMÃOS MIRANDA,SÁBADO,12:00,SEXTA,05:00,CODAJÁS,Intermediário,150.0
N/M IRMÃOS MIRANDA,SÁBADO,12:00,SEXTA,05:00,COARI,Intermediário,200.0
N/M IRMÃOS MIRANDA,SÁBADO,12:00,SEXTA,05:00,TEFÉ,PRINCIPAL,277.0
F/B LETÍCIA SOFIA,TERÇA,09:00,DOMINGO,06:00,PARINTINS,Intermediário,150.0
F/B LETÍCIA SOFIA,TERÇA,09:00,DOMINGO,06:00,JURUTI,Intermediário,170.0
F/B LETÍCIA SOFIA,TERÇA,09:00,DOMINGO,06:00,ÓBIDOS,Intermediário,200.0
F/B LETÍCIA SOFIA,TERÇA,09:00,DOMINGO,06:00,ALENQUER,PRINCIPAL,230.0
N/M SEVERINO FERREIRA,QUINTA,12:00,QUARTA,06:00,CODAJÁS,,150.0
N/M SEVERINO FERREIRA,QUINTA,12:00,QUARTA,06:00,COARI,,200.0
N/M SEVERINO FERREIRA,QUINTA,12:00,QUARTA,06:00,TEFÉ,PRINCIPAL,277.0
F/B ESTRELA PP V,SÁBADO,12:00,SEGUNDA,06:00,CODAJÁS,,150.0
F/B ESTRELA PP V,SÁBADO,12:00,SEGUNDA,06:00,COARI,,200.0
F/B ESTRELA PP V,SÁBADO,12:00,SEGUNDA,06:00,TEFÉ,,277.0
F/B ESTRELA PP V,SÁBADO,12:00,SEGUNDA,06:00,JURUÁ,PRINCIPAL,610.0
N/M A. NUNES I,TERÇA,12:00,DOMINGO,06:00,CODAJÁS,Intermediário,150.0
N/M A. NUNES I,TERÇA,12:00,DOMINGO,06:00,COARI,Intermediário,200.0
N/M A. NUNES I,TERÇA,12:00,DOMINGO,06:00,TEFÉ,PRINCIPAL,277.0
N/M MONTE SINAI II,QUINTA,12:00,QUARTA,06:00,CODAJÁS,Intermediário,150.0
N/M MONTE SINAI II,QUINTA,12:00,QUARTA,06:00,COARI,Intermediário,200.0
N/M MONTE SINAI II,QUINTA,12:00,QUARTA,06:00,TEFÉ,PRINCIPAL,277.0
F/B PROFETA DANIEL,SEXTA,12:00,QUINTA,06:00,CODAJÁS,Intermediário,150.0
F/B PROFETA DANIEL,SEXTA,12:00,QUINTA,06:00,COARI,Intermediário,200.0
F/B PROFETA DANIEL,SEXTA,12:00,QUINTA,06:00,TEFÉ,PRINCIPAL,277.0
F/B LEÃO DE JUDÁ V,QUARTA,12:00,TERÇA,06:00,ALVARÃES/UARINI,Intermediário,270.0
F/B LEÃO DE JUDÁ V,QUARTA,12:00,TERÇA,06:00,CODAJÁS,Intermediário,150.0
F/B LEÃO DE JUDÁ V,QUARTA,12:00,TERÇA,06:00,COARI,Intermediário,200.0
F/B LEÃO DE JUDÁ V,QUARTA,12:00,TERÇA,06:00,TEFÉ,PRINCIPAL,277.0
F/B RAINHA ESTHER,TERÇA,12:00,DOMINGO,06:00,ALVARÃES/UARINI,Intermediário,270.0
F/B RAINHA ESTHER,TERÇA,12:00,DOMINGO,06:00,CODAJÁS,Intermediário,150.0
F/B RAINHA ESTHER,TERÇA,12:00,DOMINGO,06:00,COARI,Intermediário,200.0
F/B RAINHA ESTHER,TERÇA,12:00,DOMINGO,06:00,TEFÉ,PRINCIPAL,277.0
N/M NOVO ALIANÇA,SEGUNDA,18:00,DOMINGO,06:00,PARINTINS,,150.0
N/M VENCEDOR IX,SEXTA,12:00,QUINTA,05:00,CODAJÁS,,150.0
N/M VENCEDOR IX,SEXTA,12:00,QUINTA,05:00,COARI,PRINCIPAL,200.0
N/M LADY CRISTINA,SEGUNDA,17:00,SEXTA,08:00,ITAPEAÇU,Intermediário,210.0
N/M LADY CRISTINA,SEGUNDA,17:00,SEXTA,08:00,ITACOATIARA,Intermediário,210.0
N/M LADY CRISTINA,SEGUNDA,17:00,SEXTA,08:00,MAUÉS,PRINCIPAL,210.0
F/B ESTRELA PP IV,TERÇA,17:00,SÁBADO,11:00,ITAPEAÇU,Intermediário,210.0
F/B ESTRELA PP IV,TERÇA,17:00,SÁBADO,11:00,ITACOATIARA,Intermediário,210.0
F/B ESTRELA PP IV,TERÇA,17:00,SÁBADO,11:00,MAUÉS,PRINCIPAL,210.0
F/B ESTRELA PP II,QUARTA,17:00,SEGUNDA,11:00,ITAPEAÇU,Intermediário,210.0
F/B ESTRELA PP II,QUARTA,17:00,SEGUNDA,11:00,ITACOATIARA,Intermediário,210.0
F/B ESTRELA PP II,QUARTA,17:00,SEGUNDA,11:00,MAUÉS,PRINCIPAL,210.0
F/B ESTRELA PP III,QUINTA,17:00,QUARTA,11:00,ITAPEAÇU,Intermediário,210.0
F/B ESTRELA PP III,QUINTA,17:00,QUARTA,11:00,ITACOATIARA,Intermediário,210.0
F/B ESTRELA PP III,QUINTA,17:00,QUARTA,11:00,MAUÉS,PRINCIPAL,210.0
F/B ALMIRANTE DINELSON I,SEXTA,17:00,TERÇA,12:00,ITAPEAÇU,Intermediário,210.0
F/B ALMIRANTE DINELSON I,SEXTA,17:00,TERÇA,12:00,ITACOATIARA,Intermediário,210.0
F/B ALMIRANTE DINELSON I,SEXTA,17:00,TERÇA,12:00,MAUÉS,PRINCIPAL,210.0
F/B ESTRELA PP,SÁBADO,12:00,QUINTA,11:00,ITAPEAÇU,Intermediário,210.0
F/B ESTRELA PP,SÁBADO,12:00,QUINTA,11:00,ITACOATIARA,Intermediário,210.0
F/B ESTRELA PP,SÁBADO,12:00,QUINTA,11:00,MAUÉS,PRINCIPAL,210.0
F/B ESTRELA PP III,DOMINGO,17:00,DOMINGO,08:00,ITAPEAÇU,Intermediário,210.0
F/B ESTRELA PP III,DOMINGO,17:00,DOMINGO,08:00,ITACOATIARA,Intermediário,210.0
F/B ESTRELA PP III,DOMINGO,17:00,DOMINGO,08:00,MAUÉS,PRINCIPAL,210.0
N/M SAGRADO CORAÇÃO DE JESUS,QUARTA,12:00,TERÇA,14:00,FONTE BOA,Intermediário,295.0
N/M SAGRADO CORAÇÃO DE JESUS,QUARTA,12:00,TERÇA,14:00,FOZ DO JUTAÍ,Intermediário,335.0
N/M SAGRADO CORAÇÃO DE JESUS,QUARTA,12:00,TERÇA,14:00,TONANTINS,Intermediário,365.0
N/M SAGRADO CORAÇÃO DE JESUS,QUARTA,12:00,TERÇA,14:00,SANTO ANTÔNIO DO IÇÁ,Intermediário,385.0
N/M SAGRADO CORAÇÃO DE JESUS,QUARTA,12:00,TERÇA,14:00,AMATURÁ,Intermediário,410.0
N/M SAGRADO CORAÇÃO DE JESUS,QUARTA,12:00,TERÇA,14:00,SÃO PAULO DE OLIVENÇA,Intermediário,440.0
N/M SAGRADO CORAÇÃO DE JESUS,QUARTA,12:00,TERÇA,14:00,TABATINGA,PRINCIPAL,510.0
N/M SAGRADO CORAÇÃO DE JESUS,QUARTA,12:00,TERÇA,14:00,BENJAMIN CONSTANT,Intermediário,510.0
N/M GM OLIVEIRA,QUARTA,12:00,TERÇA,14:00,FONTE BOA,Intermediário,295.0
N/M GM OLIVEIRA,QUARTA,12:00,TERÇA,14:00,FOZ DO JUTAÍ,Intermediário,335.0
N/M GM OLIVEIRA,QUARTA,12:00,TERÇA,14:00,TONANTINS,Intermediário,365.0
N/M GM OLIVEIRA,QUARTA,12:00,TERÇA,14:00,SANTO ANTÔNIO DO IÇÁ,Intermediário,385.0
N/M GM OLIVEIRA,QUARTA,12:00,TERÇA,14:00,AMATURÁ,Intermediário,410.0
N/M GM OLIVEIRA,QUARTA,12:00,TERÇA,14:00,SÃO PAULO DE OLIVENÇA,Intermediário,440.0
N/M GM OLIVEIRA,QUARTA,12:00,TERÇA,14:00,TABATINGA,PRINCIPAL,510.0
N/M GM OLIVEIRA,QUARTA,12:00,TERÇA,14:00,BENJAMIN CONSTANT,Intermediário,510.0
N/M GM OLIVEIRA II,SÁBADO,12:00,SÁBADO,14:00,FONTE BOA,Intermediário,295.0
N/M GM OLIVEIRA II,SÁBADO,12:00,SÁBADO,14:00,FOZ DO JUTAÍ,Intermediário,335.0
N/M GM OLIVEIRA II,SÁBADO,12:00,SÁBADO,14:00,TONANTINS,Intermediário,365.0
N/M GM OLIVEIRA II,SÁBADO,12:00,SÁBADO,14:00,SANTO ANTÔNIO DO IÇÁ,Intermediário,385.0
N/M GM OLIVEIRA II,SÁBADO,12:00,SÁBADO,14:00,AMATURÁ,Intermediário,410.0
N/M GM OLIVEIRA II,SÁBADO,12:00,SÁBADO,14:00,SÃO PAULO DE OLIVENÇA,Intermediário,440.0
N/M GM OLIVEIRA II,SÁBADO,12:00,SÁBADO,14:00,TABATINGA,PRINCIPAL,510.0
N/M GM OLIVEIRA II,SÁBADO,12:00,SÁBADO,14:00,BENJAMIN CONSTANT,Intermediário,510.0
N/M M. MONTEIRO,SÁBADO,12:00,SÁBADO,14:00,FONTE BOA,Intermediário,295.0
N/M M. MONTEIRO,SÁBADO,12:00,SÁBADO,14:00,FOZ DO JUTAÍ,Intermediário,335.0
N/M M. MONTEIRO,SÁBADO,12:00,SÁBADO,14:00,TONANTINS,Intermediário,365.0
N/M M. MONTEIRO,SÁBADO,12:00,SÁBADO,14:00,SANTO ANTÔNIO DO IÇÁ,Intermediário,385.0
N/M M. MONTEIRO,SÁBADO,12:00,SÁBADO,14:00,AMATURÁ,Intermediário,410.0
N/M M. MONTEIRO,SÁBADO,12:00,SÁBADO,14:00,SÃO PAULO DE OLIVENÇA,Intermediário,440.0
N/M M. MONTEIRO,SÁBADO,12:00,SÁBADO,14:00,TABATINGA,PRINCIPAL,510.0
N/M M. MONTEIRO,SÁBADO,12:00,SÁBADO,14:00,BENJAMIN CONSTANT,Intermediário,510.0
F/B E ARAÚJO,SEXTA,12:00,SEXTA,14:00,FONTE BOA,Intermediário,295.0
F/B E ARAÚJO,SEXTA,12:00,SEXTA,14:00,FOZ DO JUTAÍ,Intermediário,335.0
F/B E ARAÚJO,SEXTA,12:00,SEXTA,14:00,TONANTINS,Intermediário,365.0
F/B E ARAÚJO,SEXTA,12:00,SEXTA,14:00,SANTO ANTÔNIO DO IÇÁ,Intermediário,385.0
F/B E ARAÚJO,SEXTA,12:00,SEXTA,14:00,AMATURÁ,Intermediário,410.0
F/B E ARAÚJO,SEXTA,12:00,SEXTA,14:00,SÃO PAULO DE OLIVENÇA,Intermediário,440.0
F/B E ARAÚJO,SEXTA,12:00,SEXTA,14:00,TABATINGA,PRINCIPAL,510.0
F/B E ARAÚJO,SEXTA,12:00,SEXTA,14:00,BENJAMIN CONSTANT,Intermediário,510.0
F/B VITÓRIA RÉGIA,TERÇA,12:00,TERÇA,14:00,FONTE BOA,Intermediário,295.0
F/B VITÓRIA RÉGIA,TERÇA,12:00,TERÇA,14:00,FOZ DO JUTAÍ,Intermediário,335.0
F/B VITÓRIA RÉGIA,TERÇA,12:00,TERÇA,14:00,TONANTINS,Intermediário,365.0
F/B VITÓRIA RÉGIA,TERÇA,12:00,TERÇA,14:00,SANTO ANTÔNIO DO IÇÁ,Intermediário,385.0
F/B VITÓRIA RÉGIA,TERÇA,12:00,TERÇA,14:00,AMATURÁ,Intermediário,410.0
F/B VITÓRIA RÉGIA,TERÇA,12:00,TERÇA,14:00,SÃO PAULO DE OLIVENÇA,Intermediário,440.0
F/B VITÓRIA RÉGIA,TERÇA,12:00,TERÇA,14:00,TABATINGA,PRINCIPAL,510.0
F/B VITÓRIA RÉGIA,TERÇA,12:00,TERÇA,14:00,BENJAMIN CONSTANT,Intermediário,510.0
F/B ESTRELA,QUINTA,12:00,QUINTA,14:00,FONTE BOA,Intermediário,295.0
F/B ESTRELA,QUINTA,12:00,QUINTA,14:00,FOZ DO JUTAÍ,Intermediário,335.0
F/B ESTRELA,QUINTA,12:00,QUINTA,14:00,TONANTINS,Intermediário,365.0
F/B ESTRELA,QUINTA,12:00,QUINTA,14:00,SANTO ANTÔNIO DO IÇÁ,Intermediário,385.0
F/B ESTRELA,QUINTA,12:00,QUINTA,14:00,AMATURÁ,Intermediário,410.0
F/B ESTRELA,QUINTA,12:00,QUINTA,14:00,SÃO PAULO DE OLIVENÇA,Intermediário,440.0
F/B ESTRELA,QUINTA,12:00,QUINTA,14:00,TABATINGA,PRINCIPAL,510.0
F/B ESTRELA,QUINTA,12:00,QUINTA,14:00,BENJAMIN CONSTANT,Intermediário,510.0
F/B FENIX II,TERÇA,12:00,TERÇA,14:00,FONTE BOA,Intermediário,295.0
F/B FENIX II,TERÇA,12:00,TERÇA,14:00,FOZ DO JUTAÍ,Intermediário,335.0
F/B FENIX II,TERÇA,12:00,TERÇA,14:00,TONANTINS,Intermediário,365.0
F/B FENIX II,TERÇA,12:00,TERÇA,14:00,SANTO ANTÔNIO DO IÇÁ,Intermediário,385.0
F/B FENIX II,TERÇA,12:00,TERÇA,14:00,AMATURÁ,Intermediário,410.0
F/B FENIX II,TERÇA,12:00,TERÇA,14:00,SÃO PAULO DE OLIVENÇA,Intermediário,440.0
F/B FENIX II,TERÇA,12:00,TERÇA,14:00,TABATINGA,PRINCIPAL,510.0
F/B FENIX II,TERÇA,12:00,TERÇA,14:00,BENJAMIN CONSTANT,Intermediário,510.0
F/M M. MONTEIRO II,SEXTA,12:00,SEXTA,14:00,FONTE BOA,Intermediário,295.0
F/M M. MONTEIRO II,SEXTA,12:00,SEXTA,14:00,FOZ DO JUTAÍ,Intermediário,335.0
F/M M. MONTEIRO II,SEXTA,12:00,SEXTA,14:00,TONANTINS,Intermediário,365.0
F/M M. MONTEIRO II,SEXTA,12:00,SEXTA,14:00,SANTO ANTÔNIO DO IÇÁ,Intermediário,385.0
F/M M. MONTEIRO II,SEXTA,12:00,SEXTA,14:00,AMATURÁ,Intermediário,410.0
F/M M. MONTEIRO II,SEXTA,12:00,SEXTA,14:00,SÃO PAULO DE OLIVENÇA,Intermediário,440.0
F/M M. MONTEIRO II,SEXTA,12:00,SEXTA,14:00,TABATINGA,PRINCIPAL,510.0
F/M M. MONTEIRO II,SEXTA,12:00,SEXTA,14:00,BENJAMIN CONSTANT,Intermediário,510.0
F/B MARIA MONTEIRO,SEGUNDA,12:00,DOMINGO,14:00,FONTE BOA,Intermediário,295.0
F/B MARIA MONTEIRO,SEGUNDA,12:00,DOMINGO,14:00,FOZ DO JUTAÍ,Intermediário,335.0
F/B MARIA MONTEIRO,SEGUNDA,12:00,DOMINGO,14:00,TONANTINS,Intermediário,365.0
F/B MARIA MONTEIRO,SEGUNDA,12:00,DOMINGO,14:00,SANTO ANTÔNIO DO IÇÁ,Intermediário,385.0
F/B MARIA MONTEIRO,SEGUNDA,12:00,DOMINGO,14:00,AMATURÁ,Intermediário,410.0
F/B MARIA MONTEIRO,SEGUNDA,12:00,DOMINGO,14:00,SÃO PAULO DE OLIVENÇA,Intermediário,440.0
F/B MARIA MONTEIRO,SEGUNDA,12:00,DOMINGO,14:00,TABATINGA,PRINCIPAL,510.0
F/B MARIA MONTEIRO,SEGUNDA,12:00,DOMINGO,14:00,BENJAMIN CONSTANT,Intermediário,510.0
N/M M. FERNANDES,QUARTA,12:00,TERÇA,14:00,FONTE BOA,Intermediário,295.0
N/M M. FERNANDES,QUARTA,12:00,TERÇA,14:00,FOZ DO JUTAÍ,Intermediário,335.0
N/M M. FERNANDES,QUARTA,12:00,TERÇA,14:00,TONANTINS,Intermediário,365.0
N/M M. FERNANDES,QUARTA,12:00,TERÇA,14:00,SANTO ANTÔNIO DO IÇÁ,Intermediário,385.0
N/M M. FERNANDES,QUARTA,12:00,TERÇA,14:00,AMATURÁ,Intermediário,410.0
N/M M. FERNANDES,QUARTA,12:00,TERÇA,14:00,SÃO PAULO DE OLIVENÇA,Intermediário,440.0
N/M M. FERNANDES,QUARTA,12:00,TERÇA,14:00,TABATINGA,PRINCIPAL,510.0
N/M M. FERNANDES,QUARTA,12:00,TERÇA,14:00,BENJAMIN CONSTANT,Intermediário,510.0
N/M VOYAGER,QUARTA,12:00,TERÇA,14:00,FONTE BOA,Intermediário,295.0
N/M VOYAGER,QUARTA,12:00,TERÇA,14:00,FOZ DO JUTAÍ,Intermediário,335.0
N/M VOYAGER,QUARTA,12:00,TERÇA,14:00,TONANTINS,Intermediário,365.0
N/M VOYAGER,QUARTA,12:00,TERÇA,14:00,SANTO ANTÔNIO DO IÇÁ,Intermediário,385.0
N/M VOYAGER,QUARTA,12:00,TERÇA,14:00,AMATURÁ,Intermediário,410.0
N/M VOYAGER,QUARTA,12:00,TERÇA,14:00,SÃO PAULO DE OLIVENÇA,Intermediário,440.0
N/M VOYAGER,QUARTA,12:00,TERÇA,14:00,TABATINGA,PRINCIPAL,510.0
N/M VOYAGER,QUARTA,12:00,TERÇA,14:00,BENJAMIN CONSTANT,Intermediário,510.0
F/B ESMERALDA,SEXTA,12:00,SEXTA,14:00,FONTE BOA,Intermediário,295.0
F/B ESMERALDA,SEXTA,12:00,SEXTA,14:00,FOZ DO JUTAÍ,Intermediário,335.0
F/B ESMERALDA,SEXTA,12:00,SEXTA,14:00,TONANTINS,Intermediário,365.0
F/B ESMERALDA,SEXTA,12:00,SEXTA,14:00,SANTO ANTÔNIO DO IÇÁ,Intermediário,385.0
F/B ESMERALDA,SEXTA,12:00,SEXTA,14:00,AMATURÁ,Intermediário,410.0
F/B ESMERALDA,SEXTA,12:00,SEXTA,14:00,SÃO PAULO DE OLIVENÇA,Intermediário,440.0
F/B ESMERALDA,SEXTA,12:00,SEXTA,14:00,TABATINGA,PRINCIPAL,510.0
F/B ESMERALDA,SEXTA,12:00,SEXTA,14:00,BENJAMIN CONSTANT,Intermediário,510.0
F/B DIAMANTE,SÁBADO,12:00,SÁBADO,14:00,FONTE BOA,Intermediário,295.0
F/B DIAMANTE,SÁBADO,12:00,SÁBADO,14:00,FOZ DO JUTAÍ,Intermediário,335.0
F/B DIAMANTE,SÁBADO,12:00,SÁBADO,14:00,TONANTINS,Intermediário,365.0
F/B DIAMANTE,SÁBADO,12:00,SÁBADO,14:00,SANTO ANTÔNIO DO IÇÁ,Intermediário,385.0
F/B DIAMANTE,SÁBADO,12:00,SÁBADO,14:00,AMATURÁ,Intermediário,410.0
F/B DIAMANTE,SÁBADO,12:00,SÁBADO,14:00,SÃO PAULO DE OLIVENÇA,Intermediário,440.0
F/B DIAMANTE,SÁBADO,12:00,SÁBADO,14:00,TABATINGA,PRINCIPAL,510.0
F/B DIAMANTE,SÁBADO,12:00,SÁBADO,14:00,BENJAMIN CONSTANT,Intermediário,510.0
N/M DEUS DE ALIANÇA,QUARTA,12:00,SEXTA,09:00,FONTE BOA,,295.0
N/M DEUS DE ALIANÇA,QUARTA,12:00,SEXTA,09:00,FOZ DO JUTAÍ,,335.0
N/M PP MAUÉS III,SÁBADO,12:00,QUARTA,19:00,BOA VISTA DO RAMOS,,200.0
N/M PP MAUÉS III,SÁBADO,12:00,QUARTA,19:00,VILA PEDRAS,,200.0
N/M PP MAUÉS III,SÁBADO,12:00,QUARTA,19:00,VILA TERRA PETRA,,200.0
N/M PP MAUÉS III,SÁBADO,12:00,QUARTA,19:00,BARREIRINHA,,200.0
N/M PP MAUÉS III,SÁBADO,12:00,QUARTA,19:00,VILA SÃO PEDRO,,200.0
N/M PP MAUÉS III,SÁBADO,12:00,QUARTA,19:00,ITAPEAÇU,,220.0
N/M PP MAUÉS III,SÁBADO,12:00,QUARTA,19:00,VILA CÂNDIDO,,230.0
N/M PP MAUÉS III,SÁBADO,12:00,QUARTA,19:00,VILA CAMETÁ,,240.0
N/M PP MAUÉS III,SÁBADO,12:00,QUARTA,19:00,VILA BATISTA,,220.0
N/M PP MAUÉS III,SÁBADO,12:00,QUARTA,19:00,VILA SILVA,,220.0
N/M PP MAUÉS III,SÁBADO,12:00,QUARTA,19:00,BOCA DO LAGO PRETO,,230.0
N/M PP MAUÉS III,SÁBADO,12:00,QUARTA,19:00,BOCA DO CAMARÃO,,230.0
B/M CIDADE DE SANTARÉM,QUINTA,12:00,SEGUNDA,19:00,BOA VISTA DO RAMOS,,200.0
B/M CIDADE DE SANTARÉM,QUINTA,12:00,SEGUNDA,19:00,VILA PEDRAS,,200.0
B/M CIDADE DE SANTARÉM,QUINTA,12:00,SEGUNDA,19:00,VILA TERRA PETRA,,200.0
B/M CIDADE DE SANTARÉM,QUINTA,12:00,SEGUNDA,19:00,BARREIRINHA,,200.0
B/M CIDADE DE SANTARÉM,QUINTA,12:00,SEGUNDA,19:00,VILA SÃO PEDRO,,220.0
B/M CIDADE DE SANTARÉM,QUINTA,12:00,SEGUNDA,19:00,ITAPEAÇU,,220.0
B/M CIDADE DE SANTARÉM,QUINTA,12:00,SEGUNDA,19:00,VILA CÂNDIDO,,230.0
B/M CIDADE DE SANTARÉM,QUINTA,12:00,SEGUNDA,19:00,VILA CAMETÁ,,240.0
B/M CIDADE DE SANTARÉM,QUINTA,12:00,SEGUNDA,19:00,VILA BATISTA,,220.0
B/M CIDADE DE SANTARÉM,QUINTA,12:00,SEGUNDA,19:00,VILA SILVA,,220.0
B/M CIDADE DE SANTARÉM,QUINTA,12:00,SEGUNDA,19:00,BOCA DO LAGO PRETO,,230.0
B/M CIDADE DE SANTARÉM,QUINTA,12:00,SEGUNDA,19:00,BOCA DO CAMARÃO,,230.0
B/M DOM JACKSON I,TERÇA,17:00,SÁBADO,19:00,BOA VISTA DO RAMOS,,200.0
B/M DOM JACKSON I,TERÇA,17:00,SÁBADO,19:00,VILA PEDRAS,,200.0
B/M DOM JACKSON I,TERÇA,17:00,SÁBADO,19:00,VILA TERRA PRETA,,200.0
B/M DOM JACKSON I,TERÇA,17:00,SÁBADO,19:00,BARREIRINHA,,200.0
B/M DOM JACKSON I,TERÇA,17:00,SÁBADO,19:00,VILA SÃO PEDRO,,220.0
B/M DOM JACKSON I,TERÇA,17:00,SÁBADO,19:00,ITAPEAÇU,,220.0
B/M DOM JACKSON I,TERÇA,17:00,SÁBADO,19:00,VILA CÂNDIDO,,230.0
B/M DOM JACKSON I,TERÇA,17:00,SÁBADO,19:00,VILA CAMETÁ,,240.0
B/M DOM JACKSON I,TERÇA,17:00,SÁBADO,19:00,VILA BATISTA,,220.0
B/M DOM JACKSON I,TERÇA,17:00,SÁBADO,19:00,VILA SILVA,,220.0
B/M DOM JACKSON I,TERÇA,17:00,SÁBADO,19:00,BOCA DO LAGO PRETO,,230.0
B/M DOM JACKSON I,TERÇA,17:00,SÁBADO,19:00,BOCA DO CAMARÃO,,230.0
B/M ALMIR ARAÚJO,QUARTA,17:00,DOMINGO,19:00,BOA VISTA DO RAMOS,,200.0
B/M ALMIR ARAÚJO,QUARTA,17:00,DOMINGO,19:00,VILA PEDRAS,,200.0
B/M ALMIR ARAÚJO,QUARTA,17:00,DOMINGO,19:00,VILA TERRA PETRA,,200.0
B/M ALMIR ARAÚJO,QUARTA,17:00,DOMINGO,19:00,BARREIRINHA,,200.0
B/M ALMIR ARAÚJO,QUARTA,17:00,DOMINGO,19:00,VILA SÃO PEDRO,,220.0
B/M ALMIR ARAÚJO,QUARTA,17:00,DOMINGO,19:00,ITAPEAÇU,,220.0
B/M ALMIR ARAÚJO,QUARTA,17:00,DOMINGO,19:00,VILA CÂNDIDO,,220.0
B/M ALMIR ARAÚJO,QUARTA,17:00,DOMINGO,19:00,VILA CAMETÁ,,240.0
B/M ALMIR ARAÚJO,QUARTA,17:00,DOMINGO,19:00,VILA BATISTA,,220.0
B/M ALMIR ARAÚJO,QUARTA,17:00,DOMINGO,19:00,VILA SILVA,,220.0
B/M ALMIR ARAÚJO,QUARTA,17:00,DOMINGO,19:00,BOCA DO LAGO PRETO,,230.0
B/M ALMIR ARAÚJO,QUARTA,17:00,DOMINGO,19:00,BOCA DO CAMARÃO,,230.0
B/M SÃO FRANCISCO DO ANAMÃ XII,SEXTA,17:00,TERÇA,19:00,BOA VISTA DO RAMOS,,200.0
B/M SÃO FRANCISCO DO ANAMÃ XII,SEXTA,17:00,TERÇA,19:00,VILA PEDRAS,,200.0
B/M SÃO FRANCISCO DO ANAMÃ XII,SEXTA,17:00,TERÇA,19:00,VILA TERRA PETRA,,200.0
B/M SÃO FRANCISCO DO ANAMÃ XII,SEXTA,17:00,TERÇA,19:00,BARREIRINHA,,200.0
B/M SÃO FRANCISCO DO ANAMÃ XII,SEXTA,17:00,TERÇA,19:00,VILA SÃO PEDRO,,220.0
B/M SÃO FRANCISCO DO ANAMÃ XII,SEXTA,17:00,TERÇA,19:00,ITAPEAÇU,,220.0
B/M SÃO FRANCISCO DO ANAMÃ XII,SEXTA,17:00,TERÇA,19:00,VILA CÂNDIDO,,240.0
B/M SÃO FRANCISCO DO ANAMÃ XII,SEXTA,17:00,TERÇA,19:00,VILA CAMETÁ,,220.0
B/M SÃO FRANCISCO DO ANAMÃ XII,SEXTA,17:00,TERÇA,19:00,VILA BATISTA,,220.0
B/M SÃO FRANCISCO DO ANAMÃ XII,SEXTA,17:00,TERÇA,19:00,VILA SILVA,,230.0
B/M SÃO FRANCISCO DO ANAMÃ XII,SEXTA,17:00,TERÇA,19:00,BOCA DO LAGO PRETO,,230.0
B/M SÃO FRANCISCO DO ANAMÃ XII,SEXTA,17:00,TERÇA,19:00,BOCA DO CAMARÃO,,230.0
B/M LIBERDADE 10,SEGUNDA,17:00,SEXTA,19:00,BOA VISTA DO RAMOS,,200.0
B/M LIBERDADE 10,SEGUNDA,17:00,SEXTA,19:00,VILA PEDRAS,,200.0
B/M LIBERDADE 10,SEGUNDA,17:00,SEXTA,19:00,VILA TERRA PETRA,,200.0
B/M LIBERDADE 10,SEGUNDA,17:00,SEXTA,19:00,BARREIRINHA,,200.0
B/M LIBERDADE 10,SEGUNDA,17:00,SEXTA,19:00,VILA SÃO PEDRO,,220.0
B/M LIBERDADE 10,SEGUNDA,17:00,SEXTA,19:00,ITAPEAÇU,,220.0
B/M LIBERDADE 10,SEGUNDA,17:00,SEXTA,19:00,VILA CÂNDIDO,,240.0
B/M LIBERDADE 10,SEGUNDA,17:00,SEXTA,19:00,VILA CAMETÁ,,220.0
B/M LIBERDADE 10,SEGUNDA,17:00,SEXTA,19:00,VILA BATISTA,,220.0
B/M LIBERDADE 10,SEGUNDA,17:00,SEXTA,19:00,VILA SILVA,,230.0
B/M LIBERDADE 10,SEGUNDA,17:00,SEXTA,19:00,BOCA DO LAGO PRETO,,230.0
B/M LIBERDADE 10,SEGUNDA,17:00,SEXTA,19:00,BOCA DO CAMARÃO,,230.0
B/M CIDADE DE JURUTI/MARIA CARDOSO,DOMINGO,12:00,QUINTA,19:00,BOA VISTA DO RAMOS,,200.0
B/M CIDADE DE JURUTI/MARIA CARDOSO,DOMINGO,12:00,QUINTA,19:00,VILA PEDRAS,,200.0
B/M CIDADE DE JURUTI/MARIA CARDOSO,DOMINGO,12:00,QUINTA,19:00,VILA TERRA PETRA,,200.0
B/M CIDADE DE JURUTI/MARIA CARDOSO,DOMINGO,12:00,QUINTA,19:00,BARREIRINHA,,200.0
B/M CIDADE DE JURUTI/MARIA CARDOSO,DOMINGO,12:00,QUINTA,19:00,VILA SÃO PEDRO,,220.0
B/M CIDADE DE JURUTI/MARIA CARDOSO,DOMINGO,12:00,QUINTA,19:00,ITAPEAÇU,,220.0
B/M CIDADE DE JURUTI/MARIA CARDOSO,DOMINGO,12:00,QUINTA,19:00,VILA CÂNDIDO,,240.0
B/M CIDADE DE JURUTI/MARIA CARDOSO,DOMINGO,12:00,QUINTA,19:00,VILA CAMETÁ,,220.0
B/M CIDADE DE JURUTI/MARIA CARDOSO,DOMINGO,12:00,QUINTA,19:00,VILA BATISTA,,220.0
B/M CIDADE DE JURUTI/MARIA CARDOSO,DOMINGO,12:00,QUINTA,19:00,VILA SILVA,,230.0
B/M CIDADE DE JURUTI/MARIA CARDOSO,DOMINGO,12:00,QUINTA,19:00,BOCA DO LAGO PRETO,,230.0
B/M CIDADE DE JURUTI/MARIA CARDOSO,DOMINGO,12:00,QUINTA,19:00,BOCA DO CAMARÃO,,230.0
N/M ANA KAROLINE II,SEGUNDA,10:00,SÁBADO,10:00,PARINTINS,Intermediário,250.0
N/M ANA KAROLINE II,SEGUNDA,10:00,SÁBADO,10:00,JURUTÍ,Intermediário,160.0
N/M ANA KAROLINE II,SEGUNDA,10:00,SÁBADO,10:00,ÓBIDOS,Intermediário,200.0
N/M ANA KAROLINE II,SEGUNDA,10:00,SÁBADO,10:00,SANTARÉM,PRINCIPAL,230.0
F/B SÃO BARTOLOMEU V,TERÇA,11:00,DOMINGO,10:00,PARINTINS,Intermediário,150.0
F/B SÃO BARTOLOMEU V,TERÇA,11:00,DOMINGO,10:00,JURUTÍ,Intermediário,160.0
F/B SÃO BARTOLOMEU V,TERÇA,11:00,DOMINGO,10:00,ÓBIDOS,Intermediário,200.0
F/B SÃO BARTOLOMEU V,TERÇA,11:00,DOMINGO,10:00,SANTARÉM,PRINCIPAL,230.0
F/B ANA BEATRIZ V,QUINTA,10:00,QUARTA,14:00,PARINTINS,Intermediário,150.0
F/B ANA BEATRIZ V,QUINTA,10:00,QUARTA,14:00,JURUTÍ,Intermediário,160.0
F/B ANA BEATRIZ V,QUINTA,10:00,QUARTA,14:00,ÓBIDOS,Intermediário,200.0
F/B ANA BEATRIZ V,QUINTA,10:00,QUARTA,14:00,SANTARÉM,PRINCIPAL,230.0
N/M GOLFINHO DO MAR II,SEXTA,10:00,QUINTA,08:00,PARINTINS,Intermediário,150.0
N/M GOLFINHO DO MAR II,SEXTA,10:00,QUINTA,08:00,JURUTÍ,Intermediário,160.0
N/M GOLFINHO DO MAR II,SEXTA,10:00,QUINTA,08:00,ÓBIDOS,Intermediário,200.0
N/M GOLFINHO DO MAR II,SEXTA,10:00,QUINTA,08:00,SANTARÉM,PRINCIPAL,230.0
F/B SÃO BARTOLOMEU IV,SÁBADO,10:00,SEXTA,10:00,PARINTINS,Intermediário,150.0
F/B SÃO BARTOLOMEU IV,SÁBADO,10:00,SEXTA,10:00,JURUTÍ,Intermediário,160.0
F/B SÃO BARTOLOMEU IV,SÁBADO,10:00,SEXTA,10:00,ÓBIDOS,Intermediário,200.0
F/B SÃO BARTOLOMEU IV,SÁBADO,10:00,SEXTA,10:00,SANTARÉM,PRINCIPAL,230.0
F/B SÃO BARTOLOMEU VI,SEXTA,11:00,QUINTA,10:00,PARINTINS,Intermediário,150.0
F/B SÃO BARTOLOMEU VI,SEXTA,11:00,QUINTA,10:00,JURUTÍ,Intermediário,160.0
F/B SÃO BARTOLOMEU VI,SEXTA,11:00,QUINTA,10:00,ÓBIDOS,Intermediário,200.0
F/B SÃO BARTOLOMEU VI,SEXTA,11:00,QUINTA,10:00,SANTARÉM,Intermediário,230.0
F/B SÃO BARTOLOMEU VI,SEXTA,11:00,QUINTA,10:00,MONTE ALEGRE,PRINCIPAL,250.0
F/B GOLFINHO DO NORTE,TERÇA,11:00,DOMINGO,09:00,PARINTINS,Intermediário,150.0
F/B GOLFINHO DO NORTE,TERÇA,11:00,DOMINGO,09:00,JURUTÍ,Intermediário,160.0
F/B GOLFINHO DO NORTE,TERÇA,11:00,DOMINGO,09:00,ÓBIDOS,Intermediário,200.0
F/B GOLFINHO DO NORTE,TERÇA,11:00,DOMINGO,09:00,SANTARÉM,Intermediário,230.0
F/B GOLFINHO DO NORTE,TERÇA,11:00,DOMINGO,09:00,MONTE ALEGRE,PRINCIPAL,250.0
N/M ANA KAROLINE VII/PP MAUÉS,SÁBADO,11:00,QUINTA,19:00,JURUTÍ,Intermediário,160.0
N/M ANA KAROLINE VII/PP MAUÉS,SÁBADO,11:00,QUINTA,19:00,ÓBIDOS,Intermediário,200.0
N/M ANA KAROLINE VII/PP MAUÉS,SÁBADO,11:00,QUINTA,19:00,SANTARÉM,Intermediário,230.0
N/M ANA KAROLINE VII/PP MAUÉS,SÁBADO,11:00,QUINTA,19:00,MONTE ALEGRE,Intermediário,250.0
N/M ANA KAROLINE VII/PP MAUÉS,SÁBADO,11:00,QUINTA,19:00,PRAINHA,Intermediário,280.0
N/M ANA KAROLINE VII/PP MAUÉS,SÁBADO,11:00,QUINTA,19:00,ALMERIN,Intermediário,300.0
N/M ANA KAROLINE VII/PP MAUÉS,SÁBADO,11:00,QUINTA,19:00,GURUPÁ,Intermediário,350.0
N/M ANA KAROLINE VII/PP MAUÉS,SÁBADO,11:00,QUINTA,19:00,BREVES,Intermediário,400.0
N/M ANA KAROLINE VII/PP MAUÉS,SÁBADO,11:00,QUINTA,19:00,BELÉM,PRINCIPAL,450.0
N/M AMAZON STAR,QUARTA,11:00,SEGUNDA,16:00,JURUTÍ,Intermediário,160.0
N/M AMAZON STAR,QUARTA,11:00,SEGUNDA,16:00,ÓBIDOS,Intermediário,200.0
N/M AMAZON STAR,QUARTA,11:00,SEGUNDA,16:00,SANTARÉM,Intermediário,230.0
N/M AMAZON STAR,QUARTA,11:00,SEGUNDA,16:00,MONTE ALEGRE,Intermediário,250.0
N/M AMAZON STAR,QUARTA,11:00,SEGUNDA,16:00,PRAINHA,Intermediário,280.0
N/M AMAZON STAR,QUARTA,11:00,SEGUNDA,16:00,ALMERIN,Intermediário,320.0
N/M AMAZON STAR,QUARTA,11:00,SEGUNDA,16:00,GURUPÁ,Intermediário,350.0
N/M AMAZON STAR,QUARTA,11:00,SEGUNDA,16:00,BREVES,Intermediário,400.0
N/M AMAZON STAR,QUARTA,11:00,SEGUNDA,16:00,BELÉM,PRINCIPAL,450.0
F/B CATAMARÃ RONDÔNIA/N/M ITABERABA I,QUARTA,11:00,SEGUNDA,18:00,JURUTÍ,Intermediário,160.0
F/B CATAMARÃ RONDÔNIA/N/M ITABERABA I,QUARTA,11:00,SEGUNDA,18:00,ÓBIDOS,Intermediário,200.0
F/B CATAMARÃ RONDÔNIA/N/M ITABERABA I,QUARTA,11:00,SEGUNDA,18:00,SANTARÉM,Intermediário,230.0
F/B CATAMARÃ RONDÔNIA/N/M ITABERABA I,QUARTA,11:00,SEGUNDA,18:00,MONTE ALEGRE,Intermediário,250.0
F/B CATAMARÃ RONDÔNIA/N/M ITABERABA I,QUARTA,11:00,SEGUNDA,18:00,PRAINHA,Intermediário,280.0
F/B CATAMARÃ RONDÔNIA/N/M ITABERABA I,QUARTA,11:00,SEGUNDA,18:00,ALMERIN,Intermediário,320.0
F/B CATAMARÃ RONDÔNIA/N/M ITABERABA I,QUARTA,11:00,SEGUNDA,18:00,GURUPÁ,Intermediário,350.0
F/B CATAMARÃ RONDÔNIA/N/M ITABERABA I,QUARTA,11:00,SEGUNDA,18:00,BREVES,Intermediário,400.0
F/B CATAMARÃ RONDÔNIA/N/M ITABERABA I,QUARTA,11:00,SEGUNDA,18:00,BELÉM,PRINCIPAL,450.0
F/B SAN MARINO II,QUARTA,11:00,DOMINGO,12:00,JURUTÍ,Intermediário,170.0
F/B SAN MARINO II,QUARTA,11:00,DOMINGO,12:00,ÓBIDOS,Intermediário,200.0
F/B SAN MARINO II,QUARTA,11:00,DOMINGO,12:00,SANTARÉM,Intermediário,230.0
F/B SAN MARINO II,QUARTA,11:00,DOMINGO,12:00,MONTE ALEGRE,Intermediário,250.0
F/B SAN MARINO II,QUARTA,11:00,DOMINGO,12:00,PRAINHA,Intermediário,280.0
F/B SAN MARINO II,QUARTA,11:00,DOMINGO,12:00,ALMERIN,Intermediário,320.0
F/B SAN MARINO II,QUARTA,11:00,DOMINGO,12:00,GURUPÁ,Intermediário,310.0
F/B SAN MARINO II,QUARTA,11:00,DOMINGO,12:00,BREVES,Intermediário,300.0
F/B SAN MARINO II,QUARTA,11:00,DOMINGO,12:00,BELÉM,PRINCIPAL,450.0
F/B SAN MARINO III,SÁBADO,11:00,QUINTA,18:00,JURUTÍ,Intermediário,160.0
F/B SAN MARINO III,SÁBADO,11:00,QUINTA,18:00,ÓBIDOS,Intermediário,200.0
F/B SAN MARINO III,SÁBADO,11:00,QUINTA,18:00,SANTARÉM,Intermediário,230.0
F/B SAN MARINO III,SÁBADO,11:00,QUINTA,18:00,MONTE ALEGRE,Intermediário,250.0
F/B SAN MARINO III,SÁBADO,11:00,QUINTA,18:00,PRAINHA,Intermediário,280.0
F/B SAN MARINO III,SÁBADO,11:00,QUINTA,18:00,ALMERIN,Intermediário,320.0
F/B SAN MARINO III,SÁBADO,11:00,QUINTA,18:00,GURUPÁ,Intermediário,310.0
F/B SAN MARINO III,SÁBADO,11:00,QUINTA,18:00,BREVES,Intermediário,300.0
F/B SAN MARINO III,SÁBADO,11:00,QUINTA,18:00,BELÉM,PRINCIPAL,450.0
B/M CEL. TAVARES 12,TERÇA,10:00,SÁBADO,08:00,PARINTINS,,150.0
F/B MAYTÊ SAPHIRA,QUARTA,11:00,DOMINGO,07:00,PARINTINS,,150.0
N/M PARINTINS,QUINTA,10:00,TERÇA,07:00,PARINTINS,,150.0
N/M PRINCIPE DO AMAZONAS,SEXTA,11:00,QUARTA,07:00,PARINTINS,,150.0
N/M OLIVEIRA V,SÁBADO,11:00,QUINTA,08:00,PARINTINS,,150.0
N/M MANOEL MONTEIRO / F/B ALEGRIA,SÁBADO,18:00,SÁBADO,15:00,MARAÃ,,540.0
N/M MANOEL MONTEIRO / F/B ALEGRIA,SÁBADO,18:00,SÁBADO,15:00,JAPURÁ,PRINCIPAL,450.0
